dealYear,dealMonth,dealDay,umdNm,jibun,buildingUse,buildingType,buildingAr,floor,dealAmount,buildYear,landUse,dealingGbn,buyerGbn,slerGbn,cdealType,cdealDay,pyeongPrice
2025,1,2,산척동,728-5,제2종근린생활,집합,51.5,6,"23,000",2019,일반상업,중개거래,개인,개인,,,1476
2025,1,4,반송동,86-1,제1종근린생활,집합,26.4,1,"74,500",2007,중심상업,중개거래,개인,개인,,,9329
2025,1,6,청계동,536,판매,집합,189.5,1,"38,000",2018,일반상업,중개거래,개인,개인,,,663
2025,1,7,능동,1066-1,제2종근린생활,집합,31.2,1,"16,950",,일반상업,직거래,개인,법인,,,1796
2025,1,8,영천동,837,제1종근린생활,집합,46.8,2,"32,570",2019,준주거,직거래,개인,법인,,,2301
2025,1,8,영천동,837,제2종근린생활,집합,42.9,1,"59,718",2019,준주거,직거래,개인,법인,,,4602
2025,1,9,영천동,872,업무,집합,30.31,4,"19,134",2024,준주거,직거래,개인,개인,,,2087
2025,1,9,반송동,86-2,제2종근린생활,집합,70.59,8,"14,000",,중심상업,중개거래,개인,개인,,,656
2025,1,9,반송동,104-3,제2종근린생활,집합,408.5,9,"80,000",2007,중심상업,직거래,개인,개인,,,647
2025,1,10,반송동,90-6,숙박,집합,21.66,8,"4,000",2016,중심상업,직거래,개인,개인,,,610
2025,1,10,능동,1063-3,업무,집합,19.3,7,"12,700",2018,일반상업,직거래,개인,법인,,,2175
2025,1,13,반송동,93-3,교육연구,집합,102.6,2,"27,800",2010,중심상업,직거래,개인,법인,O,25.06.12,896
2025,1,13,반송동,93-3,교육연구,집합,93.15,2,"25,200",2010,중심상업,직거래,개인,법인,O,25.06.12,894
2025,1,13,반송동,93-3,교육연구,집합,105.57,2,"28,600",2010,중심상업,직거래,개인,법인,O,25.06.12,896
2025,1,13,여울동,976-7,제2종근린생활,집합,32.45,1,"105,595",2024,중심상업,직거래,법인,법인,,,10757
2025,1,13,여울동,976-7,제2종근린생활,집합,35.39,1,"115,161",2024,중심상업,직거래,법인,법인,,,10757
2025,1,13,여울동,975,업무,집합,23.6,8,"9,964",2022,중심상업,중개거래,개인,법인,,,1396
2025,1,13,산척동,728-1,제1종근린생활,집합,276.04,2,"173,000",2021,일반상업,직거래,개인,법인,,,2072
2025,1,13,산척동,728-1,제1종근린생활,집합,181.7,2,"137,000",2021,일반상업,직거래,개인,법인,,,2493
2025,1,13,산척동,728-1,제1종근린생활,집합,184.86,2,"140,000",2021,일반상업,직거래,개인,법인,,,2504
2025,1,14,청계동,512,제2종근린생활,집합,26.56,1,"85,600",2015,제3종일반주거,중개거래,법인,개인,,,10654
2025,1,15,영천동,823-6,제2종근린생활,집합,69.04,,"60,000",2021,준주거,직거래,법인,개인,,,2873
2025,1,16,반송동,88-9,판매,집합,275.53,4,"34,000",2007,중심상업,직거래,법인,개인,,,408
2025,1,16,반송동,88-9,판매,집합,111.8,4,"14,000",2007,중심상업,직거래,법인,개인,,,414
2025,1,16,반송동,88-9,판매,집합,92.96,4,"12,000",2007,중심상업,직거래,법인,개인,,,427
2025,1,16,반송동,217-6,제2종근린생활,집합,54.21,1,"49,000",2007,근린상업,직거래,개인,개인,,,2988
2025,1,20,영천동,853-3,제2종근린생활,집합,200.42,1,"331,000",2018,준주거,직거래,개인,법인,,,5460
2025,1,20,여울동,1019,판매,집합,8.4,11,"22,855",2017,중심상업,직거래,개인,개인,,,8995
2025,1,21,반송동,86-1,제2종근린생활,집합,62.98,5,"17,400",2007,중심상업,중개거래,개인,개인,,,913
2025,1,21,반송동,86-1,제2종근린생활,집합,49.5,5,"13,600",2007,중심상업,중개거래,개인,개인,,,908
2025,1,22,여울동,978,업무,집합,40.05,7,"16,000",2021,중심상업,중개거래,개인,개인,,,1321
2025,1,23,장지동,971-1,제2종근린생활,집합,60.3,1,"76,000",2019,준주거,직거래,법인,법인,,,4167
2025,2,5,반송동,90-8,제1종근린생활,집합,52.2,1,"40,350",,중심상업,중개거래,법인,개인,,,2555
2025,2,5,반송동,90-8,제2종근린생활,집합,52.43,1,"48,000",,중심상업,중개거래,법인,개인,,,3026
2025,2,5,반송동,90-8,제1종근린생활,집합,58.25,1,"53,600",,중심상업,중개거래,법인,개인,,,3042
2025,2,5,반송동,90-8,업무,집합,55,1,"41,200",,중심상업,중개거래,법인,개인,,,2476
2025,2,5,여울동,978,업무,집합,42,19,"13,900",2021,중심상업,중개거래,개인,개인,,,1094
2025,2,7,반송동,88-13,교육연구,집합,78.12,7,"17,000",2007,중심상업,중개거래,법인,개인,,,719
2025,2,10,능동,1065-3,제1종근린생활,집합,79.61,1,"54,500",2013,일반상업,중개거래,법인,개인,,,2263
2025,2,10,능동,1065-3,제1종근린생활,집합,80.4,1,"52,500",2013,일반상업,중개거래,법인,개인,,,2159
2025,2,10,영천동,837,제2종근린생활,집합,42.9,1,"59,718",2019,준주거,직거래,법인,법인,,,4602
2025,2,11,여울동,975,업무,집합,37.46,7,"16,130",2022,중심상업,중개거래,법인,법인,,,1423
2025,2,11,능동,1064-4,업무,집합,23.1,2,"5,500",2010,일반상업,중개거래,법인,개인,,,787
2025,2,11,능동,1064-4,업무,집합,22.77,2,"5,500",2010,일반상업,중개거래,법인,개인,,,799
2025,2,13,여울동,978,업무,집합,40.05,23,"19,500",2021,중심상업,중개거래,개인,개인,,,1610
2025,2,16,여울동,1023,판매,집합,28.3,10,"32,000",2023,일반상업,직거래,개인,개인,,,3738
2025,2,16,반송동,88-9,판매,집합,275.53,4,"85,000",2007,중심상업,직거래,개인,개인,,,1020
2025,2,16,반송동,88-9,판매,집합,111.8,4,"55,000",2007,중심상업,직거래,개인,개인,,,1626
2025,2,16,반송동,88-9,판매,집합,92.96,4,"45,000",2007,중심상업,직거래,개인,개인,,,1600
2025,2,17,중동,2**,제2종근린생활,일반,119.33,,"121,250",,계획관리,중개거래,법인,개인,,,3359
2025,2,18,반송동,103-3,업무,집합,149.1,7,"36,000",2007,중심상업,중개거래,개인,개인,,,798
2025,2,20,여울동,1089,제1종근린생활,집합,41.11,,"125,000",2021,중심상업,직거래,개인,개인,,,10052
2025,2,20,영천동,847-8,업무,집합,26.22,2,"14,994",2022,준주거,중개거래,개인,개인,O,25.03.10,1890
2025,2,21,영천동,873-2,제2종근린생활,집합,48.75,1,"115,619",2019,준주거,직거래,개인,법인,,,7840
2025,2,21,영천동,873-2,제2종근린생활,집합,48.75,1,"107,210",2019,준주거,직거래,개인,법인,,,7270
2025,2,21,청계동,535-6,제1종근린생활,집합,114.66,3,"49,800",2015,일반상업,중개거래,개인,개인,,,1436
2025,2,21,청계동,535-6,제1종근린생활,집합,109.08,3,"47,200",2015,일반상업,중개거래,개인,개인,,,1430
2025,2,21,반송동,1**,제1종근린생활,일반,59.72,,"3,000",2010,제2종전용주거,중개거래,개인,개인,,,166
2025,2,25,여울동,978,업무,집합,55.15,24,"23,179",2021,중심상업,중개거래,법인,개인,,,1389
2025,2,28,반송동,94,숙박,집합,21.69,19,"10,000",2020,중심상업,직거래,개인,개인,,,1524
2025,3,1,송동,683-2,업무,집합,30.54,5,"23,100",2024,준주거,중개거래,개인,개인,,,2500
2025,3,3,청계동,536,판매,집합,31.76,21,"18,000",2018,일반상업,중개거래,개인,개인,,,1874
2025,3,4,영천동,853-1,업무,집합,37.67,19,"15,180",2019,준주거,직거래,법인,개인,,,1332
2025,3,4,영천동,853-1,업무,집합,53.94,19,"21,742",2019,준주거,직거래,법인,개인,,,1332
2025,3,4,능동,1063-1,업무,집합,16.53,5,"2,850",2008,일반상업,직거래,법인,법인,,,570
2025,3,6,능동,1***,제2종근린생활,일반,356.59,,"280,000",2023,준주거,중개거래,법인,법인,,,2596
2025,3,7,청계동,516,제1종근린생활,집합,35.2,,"32,000",2015,제3종일반주거,중개거래,개인,개인,,,3005
2025,3,8,목동,496-2,교육연구,집합,58.8,6,"29,200",2021,근린상업,중개거래,개인,개인,,,1642
2025,3,10,송동,683-2,업무,집합,30.54,14,"26,500",2024,준주거,중개거래,개인,개인,,,2868
2025,3,11,반송동,91-2,제2종근린생활,집합,133.66,2,"23,000",2007,중심상업,중개거래,개인,개인,,,569
2025,3,11,금곡동,5**,제2종근린생활,일반,134.88,,"211,266",1993,자연녹지,직거래,법인,법인,,,5178
2025,3,11,반송동,87-4,제2종근린생활,집합,104.6,4,"14,500",2007,중심상업,중개거래,법인,개인,,,458
2025,3,12,반송동,93-8,제1종근린생활,집합,48.17,3,"14,500",2009,중심상업,중개거래,법인,개인,,,995
2025,3,13,여울동,978,업무,집합,40.05,22,"18,909",,중심상업,중개거래,개인,개인,,,1561
2025,3,13,반송동,106-5,제1종근린생활,집합,109.44,4,"23,000",2008,중심상업,중개거래,개인,개인,,,695
2025,3,17,청계동,534-1,판매,집합,28.69,,"31,700",2015,일반상업,중개거래,개인,개인,O,25.04.14,3653
2025,3,17,반송동,87-3,제1종근린생활,집합,40,1,"14,500",2007,중심상업,직거래,개인,개인,,,1198
2025,3,19,청계동,564,제2종근린생활,집합,68.47,11,"50,439",2022,준주거,직거래,법인,법인,,,2435
2025,3,19,능동,1064-4,제1종근린생활,집합,40.25,1,"24,500",2010,일반상업,중개거래,개인,개인,,,2012
2025,3,19,송동,725-1,제2종근린생활,집합,33.62,10,"102,895",2022,일반상업,직거래,개인,법인,,,10117
2025,3,20,반송동,61-10,제1종근린생활,집합,91.5,4,"13,000",2007,준주거,중개거래,법인,개인,,,470
2025,3,20,반송동,61-10,제1종근린생활,집합,106.37,4,"13,000",2007,준주거,중개거래,법인,개인,,,404
2025,3,20,영천동,823-6,제2종근린생활,집합,122.16,,"91,112",2021,준주거,직거래,법인,법인,,,2466
2025,3,20,영천동,823-6,제2종근린생활,집합,26.91,,"19,686",2021,준주거,직거래,법인,법인,,,2418
2025,3,20,영천동,823-6,제2종근린생활,집합,39.06,,"16,239",2021,준주거,직거래,법인,법인,,,1374
2025,3,20,반송동,86-7,업무,집합,31.5,10,"9,000",2008,중심상업,직거래,개인,개인,,,945
2025,3,20,청계동,536,판매,집합,36.05,20,"15,940",2018,일반상업,중개거래,개인,개인,,,1462
2025,3,20,청계동,536,판매,집합,38.72,20,"17,121",2018,일반상업,중개거래,개인,개인,,,1462
2025,3,20,영천동,837,업무,집합,26.91,,"11,800",2019,준주거,중개거래,개인,개인,,,1450
2025,3,21,반송동,93-3,판매,집합,73.46,2,"24,100",2010,중심상업,직거래,개인,법인,,,1085
2025,3,21,반송동,93-3,판매,집합,54.23,1,"38,600",2010,중심상업,직거래,개인,법인,,,2353
2025,3,22,여울동,978,업무,집합,50.51,7,"16,800",2021,중심상업,중개거래,법인,개인,,,1100
2025,3,22,송동,683-2,업무,집합,30.54,11,"24,500",2024,준주거,중개거래,개인,개인,,,2652
2025,3,22,청계동,558,제1종근린생활,집합,32.4,1,"30,000",2015,제3종일반주거,중개거래,개인,개인,,,3061
2025,3,24,반송동,91-1,제2종근린생활,집합,68.45,3,"15,800",2008,중심상업,중개거래,법인,법인,,,763
2025,3,24,반송동,88-12,교육연구,집합,102.06,5,"20,800",2007,중심상업,중개거래,개인,개인,,,674
2025,3,24,반송동,88-12,교육연구,집합,59.54,5,"11,700",2007,중심상업,중개거래,개인,개인,,,650
2025,3,24,능동,1152-5,제2종근린생활,집합,194.74,6,"34,000",2008,근린상업,중개거래,법인,개인,,,577
2025,3,25,송동,683-2,업무,집합,24.32,8,"10,000",2024,준주거,중개거래,개인,개인,,,1359
2025,3,27,능동,1052-3,숙박,집합,19.4,11,"1,900",2016,근린상업,직거래,개인,법인,,,324
2025,3,28,여울동,968-2,제1종근린생활,집합,106.5,6,"40,000",2016,중심상업,직거래,개인,개인,,,1242
2025,3,31,여울동,1040-1,제2종근린생활,집합,40.64,5,"8,500",2017,준주거,직거래,개인,개인,,,691
2025,3,31,송동,725-1,제2종근린생활,집합,27.4,10,"85,400",2022,일반상업,중개거래,법인,개인,,,10303
2025,3,31,송동,725-1,제2종근린생활,집합,25.68,10,"80,100",2022,일반상업,중개거래,법인,개인,,,10311
2025,4,3,능동,1081,제1종근린생활,집합,31.5,1,"16,400",2008,제3종일반주거,중개거래,개인,개인,,,1721
2025,4,4,능동,1066-1,제2종근린생활,집합,35.04,1,"19,660",2012,일반상업,직거래,개인,법인,,,1855
2025,4,4,능동,1066-1,제2종근린생활,집합,35.24,1,"19,660",2012,일반상업,직거래,개인,법인,,,1844
2025,4,5,여울동,978,업무,집합,40.05,5,"16,200",2021,중심상업,중개거래,개인,개인,,,1337
2025,4,7,여울동,968-2,제1종근린생활,집합,113.6,7,"79,900",2016,중심상업,직거래,법인,법인,,,2325
2025,4,7,여울동,968-2,제1종근린생활,집합,106.5,7,"75,200",2016,중심상업,직거래,법인,법인,,,2334
2025,4,7,여울동,968-2,제1종근린생활,집합,241.75,7,"159,800",2016,중심상업,직거래,법인,법인,,,2185
2025,4,11,산척동,728-5,제2종근린생활,집합,74.59,9,"25,300",2019,일반상업,중개거래,법인,개인,,,1121
2025,4,11,여울동,978,업무,집합,42,10,"13,000",2021,중심상업,중개거래,개인,개인,,,1023
2025,4,11,여울동,979,업무,집합,67.71,3,"49,285",2025,중심상업,직거래,법인,법인,,,2406
2025,4,11,여울동,979,업무,집합,67.57,3,"49,185",2025,중심상업,직거래,법인,법인,,,2406
2025,4,11,여울동,979,업무,집합,44.04,3,"32,060",2025,중심상업,직거래,법인,법인,,,2407
2025,4,11,여울동,979,업무,집합,316.23,3,"230,192",2025,중심상업,직거래,법인,법인,,,2406
2025,4,11,여울동,979,업무,집합,44.53,4,"32,417",2025,중심상업,직거래,법인,법인,,,2407
2025,4,11,여울동,979,업무,집합,303.7,4,"221,074",2025,중심상업,직거래,법인,법인,,,2406
2025,4,11,여울동,979,업무,집합,61.33,4,"44,641",2025,중심상업,직거래,법인,법인,,,2406
2025,4,11,여울동,979,업무,집합,436.14,4,"317,481",2025,중심상업,직거래,법인,법인,,,2406
2025,4,11,여울동,979,업무,집합,140.06,5,"101,953",2025,중심상업,직거래,법인,법인,,,2406
2025,4,11,여울동,979,업무,집합,306.46,5,"223,080",2025,중심상업,직거래,법인,법인,,,2406
2025,4,11,여울동,979,업무,집합,61.33,5,"44,641",2025,중심상업,직거래,법인,법인,,,2406
2025,4,11,여울동,979,업무,집합,550.32,5,"400,597",2025,중심상업,직거래,법인,법인,,,2406
2025,4,11,여울동,979,업무,집합,57.81,5,"42,084",2025,중심상업,직거래,법인,법인,,,2407
2025,4,11,여울동,979,업무,집합,140.06,6,"101,953",2025,중심상업,직거래,법인,법인,,,2406
2025,4,11,여울동,979,업무,집합,306.46,6,"223,080",2025,중심상업,직거래,법인,법인,,,2406
2025,4,11,여울동,979,업무,집합,61.33,6,"44,641",2025,중심상업,직거래,법인,법인,,,2406
2025,4,11,여울동,979,업무,집합,550.32,6,"400,597",2025,중심상업,직거래,법인,법인,,,2406
2025,4,11,여울동,979,업무,집합,57.81,6,"42,084",2025,중심상업,직거래,법인,법인,,,2407
2025,4,11,여울동,979,업무,집합,332.48,7,"242,026",2025,중심상업,직거래,법인,법인,,,2406
2025,4,11,여울동,979,업무,집합,61.33,7,"44,641",2025,중심상업,직거래,법인,법인,,,2406
2025,4,11,여울동,979,업무,집합,527.17,7,"383,744",2025,중심상업,직거래,법인,법인,,,2406
2025,4,11,여울동,979,업무,집합,332.48,8,"242,026",2025,중심상업,직거래,법인,법인,,,2406
2025,4,11,여울동,979,업무,집합,61.33,8,"44,641",2025,중심상업,직거래,법인,법인,,,2406
2025,4,11,여울동,979,업무,집합,527.17,8,"383,744",2025,중심상업,직거래,법인,법인,,,2406
2025,4,11,여울동,979,업무,집합,65.86,8,"47,941",2025,중심상업,직거래,법인,법인,,,2406
2025,4,11,여울동,979,업무,집합,332.48,9,"242,026",2025,중심상업,직거래,법인,법인,,,2406
2025,4,11,여울동,979,업무,집합,61.33,9,"44,641",2025,중심상업,직거래,법인,법인,,,2406
2025,4,11,여울동,979,업무,집합,527.17,9,"383,744",2025,중심상업,직거래,법인,법인,,,2406
2025,4,11,여울동,979,업무,집합,65.86,9,"47,941",2025,중심상업,직거래,법인,법인,,,2406
2025,4,11,여울동,979,업무,집합,332.48,10,"242,026",2025,중심상업,직거래,법인,법인,,,2406
2025,4,11,여울동,979,업무,집합,61.33,10,"44,641",2025,중심상업,직거래,법인,법인,,,2406
2025,4,11,여울동,979,업무,집합,527.17,10,"383,744",2025,중심상업,직거래,법인,법인,,,2406
2025,4,11,여울동,979,업무,집합,65.86,10,"47,941",2025,중심상업,직거래,법인,법인,,,2406
2025,4,11,여울동,979,업무,집합,332.48,11,"242,026",2025,중심상업,직거래,법인,법인,,,2406
2025,4,11,여울동,979,업무,집합,61.33,11,"44,641",2025,중심상업,직거래,법인,법인,,,2406
2025,4,11,여울동,979,업무,집합,527.17,11,"383,744",2025,중심상업,직거래,법인,법인,,,2406
2025,4,11,여울동,979,업무,집합,332.48,12,"242,026",2025,중심상업,직거래,법인,법인,,,2406
2025,4,11,여울동,979,업무,집합,61.33,12,"44,641",2025,중심상업,직거래,법인,법인,,,2406
2025,4,11,여울동,979,업무,집합,527.17,12,"383,744",2025,중심상업,직거래,법인,법인,,,2406
2025,4,11,여울동,979,업무,집합,65.86,12,"47,941",2025,중심상업,직거래,법인,법인,,,2406
2025,4,11,여울동,979,업무,집합,332.48,13,"242,026",2025,중심상업,직거래,법인,법인,,,2406
2025,4,11,여울동,979,업무,집합,61.33,13,"44,641",2025,중심상업,직거래,법인,법인,,,2406
2025,4,11,여울동,979,업무,집합,527.17,13,"383,744",2025,중심상업,직거래,법인,법인,,,2406
2025,4,11,여울동,979,업무,집합,65.86,13,"47,941",2025,중심상업,직거래,법인,법인,,,2406
2025,4,11,여울동,979,업무,집합,332.48,14,"242,026",2025,중심상업,직거래,법인,법인,,,2406
2025,4,11,여울동,979,업무,집합,61.33,14,"44,641",2025,중심상업,직거래,법인,법인,,,2406
2025,4,11,여울동,979,업무,집합,527.17,14,"383,744",2025,중심상업,직거래,법인,법인,,,2406
2025,4,11,여울동,979,업무,집합,65.86,14,"47,941",2025,중심상업,직거래,법인,법인,,,2406
2025,4,11,여울동,979,업무,집합,332.48,15,"242,026",2025,중심상업,직거래,법인,법인,,,2406
2025,4,11,여울동,979,업무,집합,61.33,15,"44,641",2025,중심상업,직거래,법인,법인,,,2406
2025,4,11,여울동,979,업무,집합,527.17,15,"383,744",2025,중심상업,직거래,법인,법인,,,2406
2025,4,11,여울동,979,업무,집합,332.48,16,"242,026",2025,중심상업,직거래,법인,법인,,,2406
2025,4,11,여울동,979,업무,집합,61.33,16,"44,641",2025,중심상업,직거래,법인,법인,,,2406
2025,4,11,여울동,979,업무,집합,527.17,16,"383,744",2025,중심상업,직거래,법인,법인,,,2406
2025,4,11,여울동,979,업무,집합,65.86,16,"47,941",2025,중심상업,직거래,법인,법인,,,2406
2025,4,11,여울동,979,업무,집합,332.48,17,"242,026",2025,중심상업,직거래,법인,법인,,,2406
2025,4,11,여울동,979,업무,집합,61.33,17,"44,641",2025,중심상업,직거래,법인,법인,,,2406
2025,4,11,여울동,979,업무,집합,527.17,17,"383,744",2025,중심상업,직거래,법인,법인,,,2406
2025,4,11,여울동,979,업무,집합,65.86,17,"47,941",2025,중심상업,직거래,법인,법인,,,2406
2025,4,11,여울동,979,업무,집합,332.48,18,"242,026",2025,중심상업,직거래,법인,법인,,,2406
2025,4,11,여울동,979,업무,집합,61.33,18,"44,641",2025,중심상업,직거래,법인,법인,,,2406
2025,4,11,여울동,979,업무,집합,527.17,18,"383,744",2025,중심상업,직거래,법인,법인,,,2406
2025,4,11,여울동,979,업무,집합,65.86,18,"47,941",2025,중심상업,직거래,법인,법인,,,2406
2025,4,11,여울동,979,업무,집합,167.15,19,"121,673",2025,중심상업,직거래,법인,법인,,,2406
2025,4,11,여울동,979,업무,집합,86.41,19,"62,903",2025,중심상업,직거래,법인,법인,,,2406
2025,4,11,여울동,979,업무,집합,504.13,19,"366,977",2025,중심상업,직거래,법인,법인,,,2406
2025,4,11,여울동,979,업무,집합,332.48,20,"242,026",2025,중심상업,직거래,법인,법인,,,2406
2025,4,11,여울동,979,업무,집합,61.33,20,"44,641",2025,중심상업,직거래,법인,법인,,,2406
2025,4,11,여울동,979,업무,집합,527.17,20,"383,744",2025,중심상업,직거래,법인,법인,,,2406
2025,4,11,여울동,979,업무,집합,65.86,20,"47,941",2025,중심상업,직거래,법인,법인,,,2406
2025,4,11,여울동,979,업무,집합,332.48,21,"242,026",2025,중심상업,직거래,법인,법인,,,2406
2025,4,11,여울동,979,업무,집합,61.33,21,"44,641",2025,중심상업,직거래,법인,법인,,,2406
2025,4,11,여울동,979,업무,집합,527.17,21,"383,744",2025,중심상업,직거래,법인,법인,,,2406
2025,4,11,여울동,979,업무,집합,65.86,21,"47,941",2025,중심상업,직거래,법인,법인,,,2406
2025,4,11,여울동,979,업무,집합,332.48,22,"242,026",2025,중심상업,직거래,법인,법인,,,2406
2025,4,11,여울동,979,업무,집합,61.33,22,"44,641",2025,중심상업,직거래,법인,법인,,,2406
2025,4,11,여울동,979,업무,집합,527.17,22,"383,744",2025,중심상업,직거래,법인,법인,,,2406
2025,4,11,여울동,979,업무,집합,65.86,22,"47,941",2025,중심상업,직거래,법인,법인,,,2406
2025,4,11,여울동,979,업무,집합,332.48,23,"242,026",2025,중심상업,직거래,법인,법인,,,2406
2025,4,11,여울동,979,업무,집합,61.33,23,"44,641",2025,중심상업,직거래,법인,법인,,,2406
2025,4,11,여울동,979,업무,집합,527.17,23,"383,744",2025,중심상업,직거래,법인,법인,,,2406
2025,4,11,여울동,979,업무,집합,332.48,24,"242,026",2025,중심상업,직거래,법인,법인,,,2406
2025,4,11,여울동,979,업무,집합,61.33,24,"44,641",2025,중심상업,직거래,법인,법인,,,2406
2025,4,11,여울동,979,업무,집합,527.17,24,"383,744",2025,중심상업,직거래,법인,법인,,,2406
2025,4,11,여울동,979,업무,집합,65.86,24,"47,941",2025,중심상업,직거래,법인,법인,,,2406
2025,4,11,여울동,979,업무,집합,332.48,25,"242,026",2025,중심상업,직거래,법인,법인,,,2406
2025,4,11,여울동,979,업무,집합,61.33,25,"44,641",2025,중심상업,직거래,법인,법인,,,2406
2025,4,11,여울동,979,업무,집합,527.17,25,"383,744",2025,중심상업,직거래,법인,법인,,,2406
2025,4,11,여울동,979,업무,집합,65.86,25,"47,941",2025,중심상업,직거래,법인,법인,,,2406
2025,4,11,여울동,979,업무,집합,332.48,26,"242,026",2025,중심상업,직거래,법인,법인,,,2406
2025,4,11,여울동,979,업무,집합,61.33,26,"44,641",2025,중심상업,직거래,법인,법인,,,2406
2025,4,11,여울동,979,업무,집합,527.17,26,"383,744",2025,중심상업,직거래,법인,법인,,,2406
2025,4,11,여울동,979,업무,집합,65.86,26,"47,941",2025,중심상업,직거래,법인,법인,,,2406
2025,4,11,여울동,979,업무,집합,323.38,27,"235,402",2025,중심상업,직거래,법인,법인,,,2406
2025,4,11,여울동,979,업무,집합,61.33,27,"44,641",2025,중심상업,직거래,법인,법인,,,2406
2025,4,11,여울동,979,업무,집합,435.13,27,"316,744",2025,중심상업,직거래,법인,법인,,,2406
2025,4,11,여울동,979,업무,집합,323.38,28,"235,402",2025,중심상업,직거래,법인,법인,,,2406
2025,4,11,여울동,979,업무,집합,47.39,28,"34,495",2025,중심상업,직거래,법인,법인,,,2406
2025,4,11,여울동,979,업무,집합,448.01,28,"326,120",2025,중심상업,직거래,법인,법인,,,2406
2025,4,11,여울동,979,업무,집합,323.38,29,"235,402",2025,중심상업,직거래,법인,법인,,,2406
2025,4,11,여울동,979,업무,집합,47.39,29,"34,495",2025,중심상업,직거래,법인,법인,,,2406
2025,4,11,여울동,979,업무,집합,492.63,29,"358,605",2025,중심상업,직거래,법인,법인,,,2406
2025,4,11,여울동,979,업무,집합,50.43,29,"36,708",2025,중심상업,직거래,법인,법인,,,2406
2025,4,11,여울동,979,업무,집합,323.38,30,"235,402",2025,중심상업,직거래,법인,법인,,,2406
2025,4,11,여울동,979,업무,집합,47.39,30,"34,495",2025,중심상업,직거래,법인,법인,,,2406
2025,4,11,여울동,979,업무,집합,492.63,30,"358,605",2025,중심상업,직거래,법인,법인,,,2406
2025,4,11,여울동,979,업무,집합,50.43,30,"36,708",2025,중심상업,직거래,법인,법인,,,2406
2025,4,11,여울동,979,판매,집합,69.47,,"133,336",2025,중심상업,직거래,법인,법인,,,6345
2025,4,11,여울동,979,판매,집합,47.25,,"90,690",2025,중심상업,직거래,법인,법인,,,6345
2025,4,11,여울동,979,판매,집합,45,,"86,371",2025,중심상업,직거래,법인,법인,,,6345
2025,4,11,여울동,979,판매,집합,45.56,,"87,451",2025,중심상업,직거래,법인,법인,,,6345
2025,4,11,여울동,979,판매,집합,46.41,,"89,071",2025,중심상업,직거래,법인,법인,,,6345
2025,4,11,여울동,979,판매,집합,75.34,,"144,611",2025,중심상업,직거래,법인,법인,,,6345
2025,4,11,여울동,979,판매,집합,31.96,,"61,343",2025,중심상업,직거래,법인,법인,,,6345
2025,4,11,여울동,979,판매,집합,31.28,,"60,038",2025,중심상업,직거래,법인,법인,,,6345
2025,4,11,여울동,979,판매,집합,25.97,,"49,836",2025,중심상업,직거래,법인,법인,,,6344
2025,4,11,여울동,979,판매,집합,29.02,,"55,705",2025,중심상업,직거래,법인,법인,,,6346
2025,4,11,여울동,979,판매,집합,50.43,,"96,785",2025,중심상업,직거래,법인,법인,,,6344
2025,4,11,여울동,979,판매,집합,33.09,,"63,506",2025,중심상업,직거래,법인,법인,,,6344
2025,4,11,여울동,979,판매,집합,32.69,,"62,745",2025,중심상업,직거래,법인,법인,,,6345
2025,4,11,여울동,979,판매,집합,31.96,,"61,333",2025,중심상업,직거래,법인,법인,,,6344
2025,4,11,여울동,979,판매,집합,35.28,,"67,706",2025,중심상업,직거래,법인,법인,,,6344
2025,4,11,여울동,979,판매,집합,32.79,,"62,926",2025,중심상업,직거래,법인,법인,,,6344
2025,4,11,여울동,979,판매,집합,44.41,,"85,229",2025,중심상업,직거래,법인,법인,,,6344
2025,4,11,여울동,979,판매,집합,35.39,,"67,931",2025,중심상업,직거래,법인,법인,,,6345
2025,4,11,여울동,979,판매,집합,34.75,,"66,696",2025,중심상업,직거래,법인,법인,,,6345
2025,4,11,여울동,979,판매,집합,36.04,,"69,166",2025,중심상업,직거래,법인,법인,,,6344
2025,4,11,여울동,979,판매,집합,34.32,,"65,873",2025,중심상업,직거래,법인,법인,,,6345
2025,4,11,여울동,979,판매,집합,52.98,,"101,691",2025,중심상업,직거래,법인,법인,,,6345
2025,4,11,여울동,979,판매,집합,53.3,,"45,842",2025,중심상업,직거래,법인,법인,,,2843
2025,4,11,여울동,979,판매,집합,49.93,,"42,947",2025,중심상업,직거래,법인,법인,,,2843
2025,4,11,여울동,979,판매,집합,47.12,,"40,534",2025,중심상업,직거래,법인,법인,,,2844
2025,4,11,여울동,979,판매,집합,44.88,,"38,604",2025,중심상업,직거래,법인,법인,,,2844
2025,4,11,여울동,979,판매,집합,45.44,,"39,086",2025,중심상업,직거래,법인,법인,,,2844
2025,4,11,여울동,979,판매,집합,46.28,,"39,810",2025,중심상업,직거래,법인,법인,,,2844
2025,4,11,여울동,979,판매,집합,70.8,,"60,896",2025,중심상업,직거래,법인,법인,,,2843
2025,4,11,여울동,979,판매,집합,45.61,,"39,234",2025,중심상업,직거래,법인,법인,,,2844
2025,4,11,여울동,979,판매,집합,49.31,,"42,414",2025,중심상업,직거래,법인,법인,,,2843
2025,4,11,여울동,979,판매,집합,65.51,,"56,345",2025,중심상업,직거래,법인,법인,,,2843
2025,4,11,여울동,979,판매,집합,31.05,,"26,708",2025,중심상업,직거래,법인,법인,,,2844
2025,4,11,여울동,979,판매,집합,33.45,,"28,774",2025,중심상업,직거래,법인,법인,,,2844
2025,4,11,여울동,979,판매,집합,31.88,,"27,424",2025,중심상업,직거래,법인,법인,,,2844
2025,4,11,여울동,979,판매,집합,36.17,,"31,110",2025,중심상업,직거래,법인,법인,,,2843
2025,4,11,여울동,979,판매,집합,37.05,,"31,868",2025,중심상업,직거래,법인,법인,,,2843
2025,4,11,여울동,979,판매,집합,37.93,,"32,627",2025,중심상업,직거래,법인,법인,,,2844
2025,4,11,여울동,979,판매,집합,38.81,,"33,385",2025,중심상업,직거래,법인,법인,,,2844
2025,4,11,여울동,979,판매,집합,39.69,,"34,143",2025,중심상업,직거래,법인,법인,,,2844
2025,4,11,여울동,979,판매,집합,40.58,,"34,901",2025,중심상업,직거래,법인,법인,,,2843
2025,4,11,여울동,979,판매,집합,55.81,,"48,010",2025,중심상업,직거래,법인,법인,,,2844
2025,4,11,여울동,979,판매,집합,48.35,,"41,592",2025,중심상업,직거래,법인,법인,,,2844
2025,4,11,여울동,979,판매,집합,45.28,,"38,947",2025,중심상업,직거래,법인,법인,,,2843
2025,4,11,여울동,979,판매,집합,46.96,,"40,390",2025,중심상업,직거래,법인,법인,,,2843
2025,4,11,여울동,979,판매,집합,44.72,,"38,466",2025,중심상업,직거래,법인,법인,,,2843
2025,4,11,여울동,979,판매,집합,49.75,,"42,794",2025,중심상업,직거래,법인,법인,,,2844
2025,4,11,여울동,979,판매,집합,56.74,,"48,804",2025,중심상업,직거래,법인,법인,,,2843
2025,4,12,청계동,535-5,제2종근린생활,집합,78,2,"42,000",2016,일반상업,중개거래,개인,개인,,,1780
2025,4,12,능동,1152-3,제1종근린생활,집합,30.75,1,"16,000",2008,근린상업,중개거래,개인,개인,,,1720
2025,4,14,반송동,106-2,기타,집합,83.76,3,"21,300",2007,중심상업,직거래,개인,개인,O,26.01.12,841
2025,4,14,반송동,106-2,제2종근린생활,집합,73.88,3,"18,700",2007,중심상업,직거래,개인,개인,O,26.01.12,837
2025,4,14,반송동,106-2,제2종근린생활,집합,140.17,3,"34,200",2007,중심상업,직거래,개인,개인,O,26.01.12,807
2025,4,14,반송동,106-2,기타,집합,79.18,3,"20,000",2007,중심상업,직거래,개인,개인,O,26.01.12,835
2025,4,14,반송동,106-2,기타,집합,55.16,3,"13,800",2007,중심상업,직거래,개인,개인,O,26.01.12,827
2025,4,14,능동,1114-2,제2종근린생활,집합,115.47,7,"23,500",2008,근린상업,중개거래,법인,개인,,,673
2025,4,14,여울동,975,업무,집합,23.6,8,"9,964",2022,중심상업,중개거래,법인,법인,,,1396
2025,4,15,반송동,86-4,제1종근린생활,집합,60.1,1,"65,000",2008,중심상업,중개거래,개인,개인,,,3575
2025,4,16,송동,683-2,업무,집합,117.65,3,"80,000",2024,준주거,중개거래,법인,개인,,,2248
2025,4,16,반송동,107-2,제2종근린생활,집합,51.48,,"50,000",,중심상업,중개거래,개인,법인,,,3211
2025,4,17,반송동,107-1,제2종근린생활,집합,46.8,1,"89,344",2007,중심상업,직거래,법인,개인,,,6311
2025,4,17,여울동,978,업무,집합,50.51,14,"20,000",2021,중심상업,중개거래,법인,개인,,,1309
2025,4,17,여울동,978,업무,집합,42,14,"17,000",2021,중심상업,중개거래,법인,개인,,,1338
2025,4,18,반송동,88-11,제1종근린생활,집합,141.41,9,"21,963",2007,중심상업,직거래,개인,법인,,,513
2025,4,18,반송동,88-11,제1종근린생활,집합,190.82,9,"29,637",2007,중심상업,직거래,개인,법인,,,513
2025,4,18,반송동,88-11,제1종근린생활,집합,105.42,9,"15,400",2007,중심상업,직거래,개인,법인,,,483
2025,4,18,청계동,536,판매,집합,35.24,21,"25,167",2018,일반상업,중개거래,법인,개인,,,2361
2025,4,19,능동,1114-2,제1종근린생활,집합,106.82,4,"27,500",2008,근린상업,중개거래,개인,개인,,,851
2025,4,21,영천동,823-6,제2종근린생활,집합,36.07,,"35,000",2021,준주거,중개거래,개인,개인,,,3208
2025,4,22,반송동,86-4,제2종근린생활,집합,61.4,10,"13,500",2008,중심상업,중개거래,개인,개인,,,727
2025,4,25,반송동,107-1,제1종근린생활,집합,93.6,2,"16,000",,중심상업,중개거래,개인,개인,,,565
2025,4,26,반송동,103-2,교육연구,집합,100.33,6,"27,500",2007,중심상업,중개거래,개인,법인,,,906
2025,4,26,여울동,978,업무,집합,40.05,6,"17,000",2021,중심상업,중개거래,개인,개인,,,1403
2025,4,28,송동,718,업무,집합,29.14,9,"26,873",2024,준주거,직거래,개인,개인,,,3049
2025,4,29,여울동,973,제2종근린생활,집합,99.25,,"46,700",,중심상업,중개거래,법인,법인,,,1555
2025,4,30,영천동,851,제1종근린생활,집합,39.48,1,"58,933",2023,준주거,중개거래,개인,개인,,,4935
2025,5,1,반송동,93-3,제1종근린생활,집합,92.71,,"26,100",2010,중심상업,직거래,개인,법인,,,931
2025,5,3,장지동,913,교육연구,집합,425.46,,"118,000",2019,제3종일반주거,직거래,개인,개인,,,917
2025,5,7,반송동,86-7,업무,집합,24.6,8,"9,500",2008,중심상업,직거래,개인,개인,,,1277
2025,5,12,반송동,93-8,제2종근린생활,집합,114.48,3,"20,000",2009,중심상업,중개거래,법인,개인,,,578
2025,5,13,목동,487-9,제1종근린생활,집합,59,1,"135,000",2019,근린상업,직거래,법인,개인,,,7564
2025,5,15,반송동,80,제2종근린생활,집합,36,1,"70,000",2007,제3종일반주거,중개거래,개인,개인,O,25.05.21,6428
2025,5,15,여울동,1020,판매,집합,47.62,30,"26,000",2018,중심상업,직거래,개인,개인,,,1805
2025,5,16,능동,1114-3,제2종근린생활,집합,80.04,2,"19,500",2007,근린상업,중개거래,개인,개인,,,805
2025,5,16,반송동,94,숙박,집합,21.64,15,"10,000",2020,중심상업,직거래,개인,개인,,,1528
2025,5,20,여울동,972,제1종근린생활,집합,31,,"34,000",2017,제3종일반주거,직거래,개인,개인,O,25.06.13,3626
2025,5,21,송동,723-1,제1종근린생활,집합,53.05,2,"55,000",2021,준주거,중개거래,개인,개인,,,3427
2025,5,22,반송동,88-11,제2종근린생활,집합,28.68,1,"41,000",2007,중심상업,중개거래,개인,개인,,,4726
2025,5,22,장지동,8**,제2종근린생활,일반,199.89,,"36,427",2001,계획관리,중개거래,개인,개인,,,602
2025,5,22,청계동,535-2,제2종근린생활,집합,165.29,6,"88,000",2015,일반상업,중개거래,개인,개인,,,1760
2025,5,23,반송동,218-2,제1종근린생활,집합,50.75,1,"80,000",2007,근린상업,중개거래,개인,개인,,,5211
2025,5,23,반송동,224,제2종근린생활,집합,54,,"28,500",2007,제3종일반주거,중개거래,개인,개인,O,25.07.24,1745
2025,5,24,목동,488-2,제2종근린생활,집합,50.6,3,"30,000",2018,근린상업,중개거래,개인,개인,O,25.05.27,1960
2025,5,27,영천동,835-1,업무,집합,50.45,2,"32,856",2019,준주거,직거래,법인,법인,,,2153
2025,5,28,산척동,745,제2종근린생활,집합,26.95,1,"13,250",2018,제3종일반주거,중개거래,개인,개인,,,1625
2025,5,29,능동,1152-5,제2종근린생활,집합,83.46,4,"14,700",2008,근린상업,직거래,개인,개인,,,582
2025,5,29,능동,1152-5,제2종근린생활,집합,171.5,4,"28,900",2008,근린상업,직거래,개인,개인,,,557
2025,6,2,반송동,218-2,제1종근린생활,집합,50.75,1,"80,000",2007,근린상업,중개거래,개인,개인,O,25.06.24,5211
2025,6,4,능동,1052-3,숙박,집합,19.4,3,"1,900",2016,근린상업,직거래,개인,개인,,,324
2025,6,4,능동,1113-3,교육연구,집합,118.56,3,"22,000",2008,근린상업,중개거래,법인,개인,,,613
2025,6,5,반송동,134,제2종근린생활,집합,24.48,1,"52,500",2007,제3종일반주거,중개거래,법인,개인,,,7090
2025,6,10,청계동,534-1,판매,집합,213.44,,"39,000",2015,일반상업,직거래,개인,개인,,,604
2025,6,12,반송동,93-3,교육연구,집합,102.6,2,"27,800",2010,중심상업,직거래,법인,법인,,,896
2025,6,12,반송동,93-3,교육연구,집합,93.15,2,"25,200",2010,중심상업,직거래,법인,법인,,,894
2025,6,12,반송동,93-3,교육연구,집합,105.57,2,"28,600",2010,중심상업,직거래,법인,법인,,,896
2025,6,12,장지동,7**,제1종근린생활,일반,198.38,,"80,000",2022,계획관리,중개거래,법인,개인,,,1333
2025,6,12,영천동,652-4,제2종근린생활,집합,39.67,,"10,477",2017,준주거,중개거래,법인,법인,,,873
2025,6,12,영천동,652-4,제2종근린생활,집합,49.25,,"13,009",2017,준주거,중개거래,법인,법인,,,873
2025,6,12,영천동,652-4,제2종근린생활,집합,44.77,,"11,823",2017,준주거,중개거래,법인,법인,,,873
2025,6,12,영천동,652-4,제2종근린생활,집합,39.8,,"10,513",2017,준주거,중개거래,법인,법인,,,873
2025,6,12,영천동,652-4,제2종근린생활,집합,42.29,,"11,169",2017,준주거,중개거래,법인,법인,,,873
2025,6,13,여울동,971,판매,집합,38.12,2,"27,000",2019,중심상업,직거래,개인,개인,,,2341
2025,6,14,송동,694,판매,집합,34.53,1,"66,000",2019,일반상업,중개거래,개인,개인,,,6319
2025,6,14,능동,1052-3,숙박,집합,22.62,6,"1,600",2016,근린상업,직거래,개인,개인,,,234
2025,6,14,여울동,984,판매,집합,29.16,1,"43,900",2020,중심상업,직거래,법인,법인,,,4977
2025,6,14,여울동,984,판매,집합,20.81,1,"18,100",2020,중심상업,직거래,법인,법인,,,2875
2025,6,14,여울동,984,판매,집합,23.06,1,"39,400",2020,중심상업,직거래,법인,법인,,,5648
2025,6,14,여울동,984,판매,집합,33.6,1,"28,100",2020,중심상업,직거래,법인,법인,,,2765
2025,6,14,여울동,984,판매,집합,35.19,1,"53,200",2020,중심상업,직거래,법인,법인,,,4998
2025,6,14,여울동,984,판매,집합,23.53,1,"35,500",2020,중심상업,직거래,법인,법인,,,4988
2025,6,17,영천동,835-1,업무,집합,45.6,2,"28,216",2019,준주거,직거래,법인,법인,,,2046
2025,6,20,산척동,717-1,제2종근린생활,집합,144.52,3,"75,000",2018,일반상업,중개거래,개인,개인,,,1716
2025,6,21,능동,1132,제1종근린생활,집합,47.25,1,"29,650",2008,제2종일반주거,중개거래,개인,개인,,,2074
2025,6,21,영천동,844-1,업무,집합,32.67,18,"23,600",,준주거,중개거래,개인,개인,,,2388
2025,6,21,장지동,8**,제1종근린생활,일반,167,,"103,000",2023,생산관리,중개거래,법인,법인,,,2039
2025,6,23,능동,1065-1,제2종근린생활,집합,49.14,1,"23,500",2017,일반상업,중개거래,개인,개인,,,1581
2025,6,25,송동,718,업무,집합,29.14,12,"30,576",2024,준주거,직거래,개인,법인,,,3469
2025,6,26,금곡동,1**,제2종근린생활,일반,659.14,,"238,660",2016,자연녹지,직거래,개인,법인,,,1197
2025,6,27,반송동,91-6,제2종근린생활,집합,116.08,3,"18,000",2007,중심상업,직거래,개인,개인,,,513
2025,6,27,반송동,91-6,제2종근린생활,집합,81.9,3,"12,000",2007,중심상업,직거래,개인,개인,,,484
2025,6,27,청계동,536,판매,집합,35.24,21,"18,400",2018,일반상업,중개거래,개인,개인,,,1726
2025,6,28,석우동,41-1,제1종근린생활,집합,91.44,1,"82,000",,근린상업,중개거래,개인,개인,,,2965
2025,7,1,여울동,978,업무,집합,46.35,16,"20,000",2021,중심상업,중개거래,법인,개인,O,25.07.08,1426
2025,7,2,여울동,978,업무,집합,46.35,16,"20,000",2021,중심상업,중개거래,법인,개인,,,1426
2025,7,2,능동,1152-3,제2종근린생활,집합,30.75,1,"17,500",,근린상업,중개거래,법인,개인,,,1881
2025,7,2,능동,1052-3,숙박,집합,19.4,11,"1,900",2016,근린상업,직거래,법인,개인,,,324
2025,7,2,능동,1052-3,숙박,집합,19.4,6,"1,900",2016,근린상업,직거래,법인,개인,,,324
2025,7,4,반송동,86-4,교육연구,집합,330.01,4,"159,700",2008,중심상업,중개거래,개인,개인,,,1600
2025,7,4,영천동,678-7,제1종근린생활,집합,36.02,1,"50,000",2015,근린상업,직거래,개인,개인,,,4589
2025,7,4,여울동,984,판매,집합,24.82,1,"29,200",2020,중심상업,직거래,법인,법인,,,3889
2025,7,4,여울동,984,판매,집합,46.21,1,"56,300",2020,중심상업,직거래,법인,법인,,,4028
2025,7,4,여울동,984,판매,집합,38.08,1,"49,500",2020,중심상업,직거래,법인,법인,,,4297
2025,7,4,여울동,984,판매,집합,38.03,1,"51,600",2020,중심상업,직거래,법인,법인,,,4485
2025,7,4,여울동,984,판매,집합,38,1,"53,800",2020,중심상업,직거래,법인,법인,,,4680
2025,7,4,여울동,984,판매,집합,49.29,1,"76,200",2020,중심상업,직거래,법인,법인,,,5111
2025,7,4,여울동,984,판매,집합,36.93,1,"60,800",2020,중심상업,직거래,법인,법인,,,5443
2025,7,7,반송동,88-13,제1종근린생활,집합,36.85,,"79,300",,중심상업,중개거래,개인,개인,,,7114
2025,7,8,반송동,40,제1종근린생활,집합,64,1,"16,000",2008,제2종일반주거,중개거래,개인,개인,,,826
2025,7,8,반송동,40,제1종근린생활,집합,64,1,"16,300",,제2종일반주거,중개거래,개인,개인,O,25.07.14,842
2025,7,9,반송동,104-3,제2종근린생활,집합,31.54,,"60,000",2007,중심상업,중개거래,개인,개인,,,6289
2025,7,9,반송동,104-3,제1종근린생활,집합,31.54,1,"60,000",2007,중심상업,중개거래,개인,개인,O,25.07.15,6289
2025,7,10,송동,694,판매,집합,51.2,1,"65,000",,일반상업,직거래,개인,개인,,,4197
2025,7,12,목동,487-1,제2종근린생활,집합,48.45,6,"22,700",2019,근린상업,중개거래,개인,개인,,,1549
2025,7,13,송동,683-2,업무,집합,30.54,13,"26,100",2024,준주거,중개거래,개인,개인,,,2825
2025,7,16,반송동,219-3,제1종근린생활,집합,50.4,1,"84,000",2007,근린상업,중개거래,개인,개인,,,5510
2025,7,18,목동,496-5,제2종근린생활,집합,36.01,1,"66,150",2020,근린상업,직거래,법인,개인,,,6073
2025,7,18,목동,496-5,제2종근린생활,집합,38.48,1,"68,850",2020,근린상업,직거래,법인,개인,,,5915
2025,7,18,방교동,779-5,제1종근린생활,집합,95.42,2,"25,000",2015,준공업,중개거래,개인,개인,,,866
2025,7,19,영천동,678-1,교육연구,집합,134.22,7,"40,000",2016,근린상업,중개거래,개인,개인,,,985
2025,7,24,여울동,1040-4,제1종근린생활,집합,146.52,3,"65,000",2017,준주거,직거래,법인,개인,,,1467
2025,7,24,반송동,135,제1종근린생활,집합,13.68,1,"16,500",2007,제3종일반주거,직거래,개인,개인,,,3987
2025,7,25,청계동,520,제2종근린생활,집합,34.4,1,"43,000",2015,제3종일반주거,중개거래,개인,법인,,,4132
2025,7,25,능동,1052-3,숙박,집합,19.71,3,"1,900",2016,근린상업,직거래,개인,개인,,,319
2025,7,26,여울동,973,판매,집합,15.23,,"23,315",2018,중심상업,직거래,개인,개인,,,5061
2025,7,28,여울동,968-6,업무,집합,93,8,"29,600",2016,중심상업,중개거래,개인,개인,,,1052
2025,7,29,영천동,837,업무,집합,25.38,3,"7,200",2019,준주거,중개거래,개인,개인,,,938
2025,7,29,여울동,968-6,업무,집합,91.76,8,"28,900",2016,중심상업,중개거래,개인,개인,,,1041
2025,7,29,영천동,678-3,제2종근린생활,집합,118.56,3,"48,800",,근린상업,중개거래,개인,개인,,,1361
2025,7,29,영천동,678-3,제2종근린생활,집합,107.64,3,"44,000",,근린상업,중개거래,개인,개인,,,1351
2025,7,29,여울동,968-2,제1종근린생활,집합,142.89,4,"62,800",2016,중심상업,중개거래,개인,개인,,,1453
2025,7,31,영천동,678-6,교육연구,집합,95.69,6,"31,000",2015,근린상업,중개거래,개인,법인,,,1071
2025,8,1,영천동,846-2,제1종근린생활,집합,58.76,1,"90,000",2019,준주거,직거래,개인,개인,,,5063
2025,8,4,반송동,107-1,교육연구,집합,142.32,6,"44,000",2007,중심상업,중개거래,개인,개인,,,1022
2025,8,5,청계동,531-2,제1종근린생활,집합,79.2,3,"28,500",2015,준주거,직거래,개인,개인,,,1190
2025,8,5,청계동,531-2,제1종근린생활,집합,75.24,3,"28,500",2015,준주거,직거래,개인,개인,,,1252
2025,8,9,산척동,728-3,제2종근린생활,집합,66.08,10,"27,300",2019,일반상업,중개거래,개인,개인,,,1366
2025,8,9,산척동,744,제2종근린생활,집합,35.12,,"15,700",2018,제3종일반주거,중개거래,개인,개인,,,1478
2025,8,9,여울동,968-6,제2종근린생활,집합,93,2,"33,000",2016,중심상업,중개거래,개인,개인,,,1173
2025,8,11,영천동,872,업무,집합,30.31,15,"13,500",,준주거,중개거래,법인,법인,,,1472
2025,8,11,영천동,872,업무,집합,30.31,,"13,500",2024,준주거,중개거래,법인,법인,O,25.08.21,1472
2025,8,12,금곡동,3**,제2종근린생활,일반,169.9,,"84,000",1994,자연녹지,직거래,법인,개인,O,25.10.13,1634
2025,8,13,영천동,675-1,제2종근린생활,집합,107.1,2,"32,000",2015,제1종일반주거,중개거래,개인,개인,,,988
2025,8,13,영천동,675-1,제2종근린생활,집합,88.1,2,"26,000",2015,제1종일반주거,중개거래,개인,개인,,,976
2025,8,14,영천동,872,업무,집합,30.31,6,"13,800",,준주거,중개거래,법인,개인,,,1505
2025,8,14,반송동,103-2,제2종근린생활,집합,100.33,5,"26,000",2007,중심상업,중개거래,개인,법인,,,857
2025,8,15,산척동,728-5,제2종근린생활,집합,64.4,8,"32,000",,일반상업,중개거래,개인,개인,,,1643
2025,8,18,청계동,535-4,교육연구,집합,81.6,6,"29,200",2015,일반상업,중개거래,개인,법인,O,25.10.23,1183
2025,8,18,청계동,535-4,제2종근린생활,집합,64.6,6,"23,200",2015,일반상업,중개거래,개인,법인,O,25.10.23,1187
2025,8,18,청계동,535-4,교육연구,집합,124.08,6,"44,400",2015,일반상업,중개거래,개인,법인,O,25.10.23,1183
2025,8,18,청계동,535-4,교육연구,집합,120.32,6,"43,200",2015,일반상업,중개거래,개인,법인,O,25.10.23,1187
2025,8,18,청계동,535-4,교육연구,집합,58.29,6,"20,000",2015,일반상업,중개거래,개인,법인,O,25.10.23,1134
2025,8,18,여울동,976-7,업무,집합,44.19,7,"48,901",2024,중심상업,직거래,개인,법인,,,3658
2025,8,22,여울동,984,판매,집합,31.92,1,"46,000",2020,중심상업,직거래,법인,개인,,,4764
2025,8,22,영천동,853-1,제2종근린생활,집합,51.03,1,"13,700",2019,준주거,직거래,법인,개인,,,888
2025,8,25,송동,726-1,제1종근린생활,집합,35.28,,"100,000",2021,준주거,중개거래,개인,개인,O,26.02.10,9370
2025,8,25,영천동,875-2,제2종근린생활,집합,89.31,1,"84,135",2024,준주거,직거래,기타,법인,,,3114
2025,8,25,여울동,978,업무,집합,50.51,15,"17,000",2021,중심상업,중개거래,개인,개인,,,1113
2025,8,26,장지동,977,제2종근린생활,집합,32.5,1,"11,000",2018,제3종일반주거,중개거래,개인,개인,,,1119
2025,8,29,영천동,853-1,업무,집합,37.67,19,"14,273",,준주거,중개거래,개인,개인,O,25.09.01,1253
2025,8,30,반송동,107-8,교육연구,집합,95.16,9,"28,000",2007,중심상업,중개거래,법인,개인,,,973
2025,8,30,반송동,107-8,교육연구,집합,93.6,9,"28,000",2007,중심상업,중개거래,법인,개인,,,989
2025,8,30,여울동,969-5,제2종근린생활,집합,47.58,1,"100,000",,중심상업,중개거래,개인,개인,O,25.09.10,6948
2025,9,1,반송동,91-9,제2종근린생활,집합,28.05,1,"50,500",2007,중심상업,직거래,개인,개인,,,5952
2025,9,2,반송동,88-6,숙박,집합,437.57,8,"168,483",2007,중심상업,직거래,개인,개인,,,1273
2025,9,2,반송동,88-6,숙박,집합,393.51,9,"151,517",2007,중심상업,직거래,개인,개인,,,1273
2025,9,3,청계동,564,기타,집합,24.89,21,"3,000",2022,준주거,직거래,개인,개인,,,398
2025,9,4,여울동,968-6,제2종근린생활,집합,136.4,2,"58,000",2016,중심상업,직거래,법인,개인,,,1406
2025,9,4,영천동,788,제2종근린생활,집합,37.05,2,"23,000",2017,제3종일반주거,중개거래,개인,개인,,,2052
2025,9,5,능동,1152-3,제1종근린생활,집합,69.83,6,"16,800",2008,근린상업,중개거래,법인,개인,O,25.10.22,795
2025,9,8,반송동,94,숙박,집합,21.69,18,"9,000",2020,중심상업,직거래,개인,개인,,,1372
2025,9,8,영천동,873-1,제2종근린생활,집합,39,1,"3,500",2018,준주거,직거래,개인,개인,,,297
2025,9,9,송동,690-1,업무,집합,29.66,3,"20,340",2024,준주거,직거래,개인,개인,,,2267
2025,9,10,여울동,978,업무,집합,42.8,12,"14,000",2021,중심상업,중개거래,법인,개인,,,1081
2025,9,11,반송동,106-1,제2종근린생활,집합,100.05,2,"38,500",2010,중심상업,중개거래,개인,개인,,,1272
2025,9,12,반송동,94,숙박,집합,21.69,17,"15,000",2020,중심상업,직거래,개인,개인,,,2286
2025,9,16,여울동,971,판매,집합,47.79,2,"18,900",2019,중심상업,중개거래,개인,개인,,,1307
2025,9,18,반송동,217-1,제2종근린생활,집합,109.5,3,"38,500",,근린상업,중개거래,개인,개인,,,1162
2025,9,18,영천동,679-4,기타,집합,480.83,4,"190,000",2016,근린상업,직거래,개인,개인,,,1306
2025,9,19,산척동,728-4,제2종근린생활,집합,37.8,1,"93,000",2018,일반상업,중개거래,개인,개인,,,8133
2025,9,23,금곡동,1**,제2종근린생활,일반,300,,"136,000",2013,자연녹지,중개거래,개인,법인,,,1499
2025,9,23,영천동,681-4,제1종근린생활,집합,175.59,7,"59,500",,근린상업,중개거래,개인,개인,,,1120
2025,9,23,반송동,94,숙박,집합,21.64,15,"10,000",2020,중심상업,직거래,개인,개인,,,1528
2025,9,24,여울동,969-6,제1종근린생활,집합,98.49,3,"26,904",2018,중심상업,직거래,법인,법인,,,903
2025,9,24,여울동,969-6,제1종근린생활,집합,104.76,3,"27,857",2018,중심상업,직거래,법인,법인,,,879
2025,9,24,반송동,86-1,교육연구,집합,61.64,7,"15,500",2007,중심상업,중개거래,개인,개인,,,831
2025,9,25,목동,496-2,제2종근린생활,집합,43.66,1,"62,000",2021,근린상업,직거래,법인,개인,,,4694
2025,9,25,여울동,978,업무,집합,42,22,"13,000",,중심상업,중개거래,법인,개인,,,1023
2025,9,26,능동,1109,제1종근린생활,집합,100,3,"31,000",2008,제2종일반주거,중개거래,개인,개인,O,25.12.10,1025
2025,9,30,금곡동,5**,제1종근린생활,일반,494.72,,"255,000",2015,자연녹지,중개거래,법인,법인,,,1704
2025,9,30,여울동,978,업무,집합,42,17,"17,700",2021,중심상업,중개거래,법인,개인,,,1393
2025,10,11,여울동,973,판매,집합,38.27,,"21,000",2018,중심상업,중개거래,개인,개인,,,1814
2025,10,13,반송동,93-3,판매,집합,28.44,1,"11,400",2010,중심상업,직거래,개인,법인,,,1325
2025,10,13,금곡동,3**,제1종근린생활,일반,169.9,,"84,000",,자연녹지,직거래,법인,개인,,,1634
2025,10,16,영천동,837,제2종근린생활,집합,42.9,1,"15,000",,준주거,중개거래,개인,개인,,,1156
2025,10,18,송동,725-4,제2종근린생활,집합,23.09,,"31,000",2022,일반상업,중개거래,개인,개인,,,4438
2025,10,18,능동,1151,제1종근린생활,집합,32.25,1,"11,700",2008,제2종일반주거,중개거래,개인,개인,,,1199
2025,10,18,신동,*,제2종근린생활,집합,39.54,1,"14,573",2024,일반상업,중개거래,개인,법인,,,1218
2025,10,20,목동,491,제2종근린생활,집합,35.4,1,"32,000",2019,제3종일반주거,중개거래,개인,개인,,,2988
2025,10,24,여울동,988,제1종근린생활,집합,37,1,"14,967",2017,제3종일반주거,직거래,개인,법인,O,25.11.28,1337
2025,10,24,반송동,106-7,제2종근린생활,집합,45.28,2,"14,000",2010,중심상업,중개거래,개인,개인,,,1022
2025,10,25,여울동,968-6,교육연구,집합,91.76,7,"31,800",2016,중심상업,중개거래,개인,개인,,,1146
2025,10,28,여울동,1089,제1종근린생활,집합,22.32,,"46,800",2021,중심상업,직거래,개인,개인,,,6932
2025,10,28,영천동,823-6,제2종근린생활,집합,26.91,,"10,000",2021,준주거,중개거래,개인,법인,,,1228
2025,10,28,영천동,823-6,제2종근린생활,집합,122.16,,"100,000",2021,준주거,중개거래,개인,법인,,,2706
2025,10,31,송동,683-2,업무,집합,30.54,11,"24,700",2024,준주거,중개거래,개인,개인,,,2674
2025,11,1,석우동,3-1,업무,집합,57,6,"30,434",2014,근린상업,직거래,개인,법인,,,1765
2025,11,1,석우동,3-1,업무,집합,54,6,"27,529",2014,근린상업,직거래,개인,법인,,,1685
2025,11,1,석우동,3-1,업무,집합,45.33,6,"23,102",2014,근린상업,직거래,개인,법인,,,1685
2025,11,1,석우동,3-1,업무,집합,46.8,6,"24,209",2014,근린상업,직거래,개인,법인,,,1710
2025,11,1,석우동,3-1,기타,집합,47.78,1,"78,713",2014,근린상업,직거래,개인,법인,,,5446
2025,11,1,석우동,3-1,업무,집합,47.78,6,"25,592",2014,근린상업,직거래,개인,법인,,,1771
2025,11,1,석우동,3-1,업무,집합,46.8,6,"23,794",2014,근린상업,직거래,개인,법인,,,1681
2025,11,1,석우동,3-1,업무,집합,58.19,6,"31,541",2014,근린상업,직거래,개인,법인,,,1792
2025,11,1,석우동,3-1,기타,집합,41.67,1,"68,615",2014,근린상업,직거래,개인,법인,,,5443
2025,11,1,석우동,3-1,업무,집합,46.8,6,"23,517",2014,근린상업,직거래,개인,법인,,,1661
2025,11,6,반송동,42-3,제2종근린생활,집합,67.08,6,"20,400",2007,근린상업,직거래,개인,개인,,,1005
2025,11,7,장지동,1011,제2종근린생활,집합,42.89,1,"21,648",2019,제3종일반주거,직거래,법인,법인,,,1669
2025,11,7,반송동,86-7,업무,집합,30.75,7,"11,000",2008,중심상업,직거래,개인,개인,,,1183
2025,11,8,반송동,107-1,교육연구,집합,93.6,7,"28,500",2007,중심상업,중개거래,개인,법인,,,1007
2025,11,8,청계동,536,판매,집합,26.73,1,"11,500",2018,일반상업,중개거래,개인,개인,,,1422
2025,11,14,반송동,93-3,판매,집합,107.31,,"20,000",2010,중심상업,중개거래,개인,개인,,,616
2025,11,15,반송동,107-7,제1종근린생활,집합,103.11,1,"39,000",2008,중심상업,중개거래,개인,개인,,,1250
2025,11,18,송동,725-1,제2종근린생활,집합,44.66,50,"48,000",2022,일반상업,중개거래,법인,개인,,,3553
2025,11,25,청계동,536,판매,집합,31.82,10,"62,900",2018,일반상업,중개거래,법인,개인,,,6535
2025,11,27,영천동,832-2,제2종근린생활,집합,52.71,1,"47,000",2017,준주거,중개거래,법인,개인,O,26.02.19,2948
2025,11,27,청계동,535-1,제1종근린생활,집합,53.4,1,"115,000",2015,일반상업,직거래,법인,개인,,,7119
2025,11,29,반송동,107-3,제2종근린생활,집합,37.24,1,"36,500",2007,중심상업,중개거래,개인,개인,,,3240
2025,11,29,청계동,534-2,제1종근린생활,집합,31.54,1,"27,000",2016,일반상업,중개거래,개인,개인,,,2830
2025,12,4,여울동,978,업무,집합,42,18,"17,184",2021,중심상업,중개거래,법인,개인,,,1353
2025,12,5,영천동,872,업무,집합,56.4,2,"30,711",2024,준주거,중개거래,개인,법인,,,1800
2025,12,5,영천동,872,업무,집합,78.96,2,"41,301",2024,준주거,중개거래,개인,법인,,,1729
2025,12,5,여울동,978,업무,집합,46,4,"23,000",2021,중심상업,중개거래,법인,개인,,,1653
2025,12,6,목동,496-2,제2종근린생활,집합,58.8,7,"24,500",2021,근린상업,중개거래,개인,개인,,,1377
2025,12,8,영천동,658-1,제1종근린생활,집합,81.32,4,"26,200",2016,준주거,중개거래,법인,개인,,,1065
2025,12,12,여울동,978,업무,집합,45.3,18,"17,861",2021,중심상업,중개거래,법인,개인,,,1303
2025,12,12,청계동,520,제2종근린생활,집합,24.2,1,"23,000",2015,제3종일반주거,중개거래,개인,법인,,,3142
2025,12,13,청계동,512,제2종근린생활,집합,26.52,1,"40,000",2015,제3종일반주거,직거래,개인,개인,,,4986
2025,12,19,여울동,975,업무,집합,23.6,13,"10,063",2022,중심상업,중개거래,법인,법인,O,26.01.20,1410
2025,12,20,청계동,535-3,제2종근린생활,집합,83.39,2,"63,000",2016,일반상업,중개거래,개인,개인,,,2497
2025,12,22,반송동,107-3,제2종근린생활,집합,35.69,1,"28,000",2007,중심상업,중개거래,개인,개인,,,2594
2025,12,22,능동,1064-4,업무,집합,24.75,2,"6,000",2010,일반상업,직거래,개인,개인,,,801
2025,12,23,산척동,728-6,제2종근린생활,집합,59.93,9,"30,500",2019,일반상업,중개거래,개인,개인,,,1682
2025,12,26,여울동,968-2,제1종근린생활,집합,142.89,6,"62,500",2016,중심상업,중개거래,개인,개인,,,1446
2025,12,29,여울동,975,업무,집합,23.6,9,"9,964",2022,중심상업,중개거래,법인,법인,,,1396
2025,12,30,능동,1063-1,제2종근린생활,집합,15.39,6,"2,600",2008,일반상업,직거래,법인,개인,,,558
2025,12,30,여울동,975,업무,집합,23.6,9,"9,964",2022,중심상업,중개거래,법인,법인,,,1396
2025,12,31,반송동,212,제2종근린생활,집합,27.68,2,"14,400",2007,제3종일반주거,중개거래,개인,개인,,,1720
2026,1,1,영천동,853-3,업무,집합,38.22,,"19,593",,준주거,중개거래,개인,개인,,,1695
2026,1,2,산척동,728-5,교육연구,집합,71.27,7,"32,000",2019,일반상업,중개거래,개인,개인,,,1484
2026,1,2,청계동,535-7,제2종근린생활,집합,66.12,4,"37,300",2016,일반상업,직거래,법인,개인,,,1865
2026,1,2,능동,1063-1,업무,집합,15.39,5,"2,500",2008,일반상업,중개거래,개인,개인,,,537
2026,1,12,산척동,728-2,제2종근린생활,집합,58.28,8,"28,800",2018,일반상업,중개거래,개인,개인,,,1634
2026,1,12,산척동,728-2,제2종근린생활,집합,67.34,8,"29,500",2018,일반상업,중개거래,개인,개인,,,1448
2026,1,13,영천동,853-1,업무,집합,37.67,19,"11,570",2019,준주거,직거래,법인,개인,,,1015
2026,1,13,반송동,219-3,제1종근린생활,집합,33.12,1,"53,000",2007,근린상업,중개거래,기타,개인,,,5290
2026,1,14,장지동,510,제2종근린생활,집합,313.8,1,"114,460",2019,계획관리,직거래,법인,법인,,,1206
2026,1,14,장지동,510,제2종근린생활,집합,332.4,2,"121,245",2019,계획관리,직거래,법인,법인,,,1206
2026,1,14,장지동,510,제2종근린생활,집합,300.36,3,"109,558",2019,계획관리,직거래,법인,법인,,,1206
2026,1,14,장지동,510,제2종근린생활,집합,132.1,1,"48,183",2019,계획관리,직거래,법인,법인,,,1206
2026,1,14,장지동,510,제2종근린생활,집합,168.84,1,"61,584",2019,계획관리,직거래,법인,법인,,,1206
2026,1,14,장지동,510,제2종근린생활,집합,325.16,2,"118,601",2019,계획관리,직거래,법인,법인,,,1206
2026,1,14,장지동,510,제2종근린생활,집합,134,3,"48,876",2019,계획관리,직거래,법인,법인,,,1206
2026,1,14,장지동,510,제2종근린생활,집합,306.15,1,"111,668",2019,계획관리,직거래,법인,법인,,,1206
2026,1,14,장지동,510,제2종근린생활,집합,330.05,2,"120,385",2019,계획관리,직거래,법인,법인,,,1206
2026,1,16,반송동,107-1,제2종근린생활,집합,93.6,5,"24,000",,중심상업,중개거래,개인,개인,,,848
2026,1,19,여울동,975,업무,집합,34.79,10,"14,000",2022,중심상업,중개거래,법인,개인,,,1330
2026,1,20,영천동,853-3,업무,집합,38.22,,"19,893",,준주거,중개거래,개인,개인,O,26.06.09,1721
2026,1,20,영천동,853-3,업무,집합,38.22,,"19,593",,준주거,중개거래,개인,개인,,,1695
2026,1,23,송동,683-2,업무,집합,25.16,12,"13,000",2024,준주거,중개거래,개인,개인,O,26.02.27,1708
2026,1,24,반송동,215,제2종근린생활,집합,39.78,3,"14,000",2007,제3종일반주거,중개거래,개인,개인,,,1163
2026,1,24,반송동,215,제2종근린생활,집합,45.63,3,"16,000",2007,제3종일반주거,중개거래,개인,개인,,,1159
2026,1,24,목동,496-2,제1종근린생활,집합,62.4,3,"33,800",,근린상업,중개거래,개인,개인,,,1791
2026,1,25,여울동,969-4,제2종근린생활,집합,73.03,3,"38,500",2016,중심상업,중개거래,개인,개인,,,1743
2026,1,27,산척동,728-2,제1종근린생활,집합,58.28,8,"25,000",2018,일반상업,중개거래,개인,개인,,,1418
2026,1,27,산척동,723,제1종근린생활,집합,121.9,3,"48,000",2018,근린상업,중개거래,법인,개인,,,1302
2026,1,28,영천동,678-5,제1종근린생활,집합,38.4,1,"30,000",2016,근린상업,직거래,법인,개인,,,2583
2026,1,28,영천동,837,업무,집합,25.38,,"8,800",2019,준주거,중개거래,개인,개인,,,1146
2026,1,28,송동,683-2,업무,집합,30.54,5,"22,500",2024,준주거,중개거래,개인,개인,,,2436
2026,1,31,여울동,972,제2종근린생활,집합,31.93,,"24,000",,제3종일반주거,중개거래,개인,개인,,,2485
2026,1,31,여울동,975,업무,집합,38.22,5,"14,050",2022,중심상업,중개거래,개인,개인,,,1215
2026,2,2,산척동,727-1,제2종근린생활,집합,65.54,,"49,221",2018,제1종일반주거,중개거래,법인,법인,,,2483
2026,2,2,산척동,727-1,제2종근린생활,집합,68.53,,"51,467",2018,제1종일반주거,중개거래,법인,법인,,,2483
2026,2,2,산척동,727-1,제2종근린생활,집합,57.1,,"42,882",2018,제1종일반주거,중개거래,법인,법인,,,2483
2026,2,2,산척동,727-1,제2종근린생활,집합,43.75,,"32,857",2018,제1종일반주거,중개거래,법인,법인,,,2483
2026,2,2,산척동,727-1,제2종근린생활,집합,38.45,,"28,876",2018,제1종일반주거,중개거래,법인,법인,,,2483
2026,2,2,산척동,727-1,제2종근린생활,집합,44.68,,"33,511",2018,제1종일반주거,중개거래,법인,법인,,,2479
2026,2,2,산척동,727-1,제2종근린생활,집합,63.07,,"47,310",2018,제1종일반주거,중개거래,법인,법인,,,2480
2026,2,4,반송동,107-2,제1종근린생활,집합,50.8,,"31,000",,중심상업,직거래,개인,개인,,,2017
2026,2,4,반송동,107-2,제2종근린생활,집합,49.53,1,"31,000",2007,중심상업,직거래,개인,개인,,,2069
2026,2,5,능동,1152-5,제2종근린생활,집합,151.94,2,"40,000",2008,근린상업,중개거래,개인,개인,,,870
2026,2,5,산척동,728-3,제1종근린생활,집합,24.7,1,"54,000",2019,일반상업,직거래,개인,개인,,,7227
2026,2,5,반송동,221-2,제2종근린생활,집합,37.44,1,"74,000",2007,근린상업,중개거래,개인,개인,,,6534
2026,2,6,여울동,969-4,제2종근린생활,집합,52.89,6,"19,500",2016,중심상업,중개거래,개인,개인,,,1219
2026,2,10,반송동,86-7,업무,집합,31.5,10,"6,500",2008,중심상업,중개거래,개인,개인,,,682
2026,2,10,여울동,978,업무,집합,42,9,"13,000",2021,중심상업,중개거래,법인,개인,,,1023
2026,2,11,장지동,971-1,제2종근린생활,집합,50.92,1,"185,000",2019,준주거,중개거래,법인,개인,,,12010
2026,2,12,여울동,981-1,제2종근린생활,집합,29.81,1,"51,700",2025,중심상업,직거래,개인,법인,,,5733
2026,2,13,영천동,873-1,제2종근린생활,집합,39,1,"9,000",2018,준주거,중개거래,개인,개인,,,763
2026,2,19,반송동,91-7,제1종근린생활,집합,30.24,6,"7,157",2007,중심상업,직거래,개인,개인,,,782
2026,2,19,반송동,91-7,기타,집합,297.71,6,"70,464",2007,중심상업,직거래,개인,개인,,,782
2026,2,19,반송동,91-7,제1종근린생활,집합,136.8,6,"32,379",2007,중심상업,직거래,개인,개인,,,782
2026,2,19,영천동,832-2,제2종근린생활,집합,52.71,1,"47,000",2017,준주거,중개거래,법인,개인,,,2948
2026,2,21,반송동,103-3,교육연구,집합,90.48,6,"19,500",2007,중심상업,중개거래,개인,개인,,,712
2026,2,26,송동,725-4,제2종근린생활,집합,54.71,40,"53,043",2022,일반상업,중개거래,개인,개인,O,26.03.05,3205
2026,3,3,여울동,975,업무,집합,23.6,10,"9,964",2022,중심상업,중개거래,개인,법인,,,1396
2026,3,5,반송동,88-8,숙박,집합,667.95,7,"240,165",2008,중심상업,중개거래,개인,법인,,,1189
2026,3,5,반송동,88-8,숙박,집합,551.73,8,"202,222",2008,중심상업,중개거래,개인,법인,,,1212
2026,3,5,반송동,88-8,숙박,집합,325.38,9,"117,614",2008,중심상업,중개거래,개인,법인,,,1195
2026,3,7,목동,487-1,제2종근린생활,집합,48.45,7,"21,597",2019,근린상업,중개거래,개인,개인,,,1474
2026,3,7,목동,487-1,제2종근린생활,집합,44.65,7,"19,903",2019,근린상업,중개거래,개인,개인,,,1474
2026,3,13,반송동,90-9,제2종근린생활,집합,236.2,4,"50,000",2010,중심상업,중개거래,법인,법인,,,700
2026,3,13,여울동,978,업무,집합,55.15,15,"14,000",,중심상업,중개거래,개인,개인,,,839
2026,3,14,송동,725-1,제1종근린생활,집합,32.49,40,"31,600",,일반상업,중개거래,개인,개인,,,3215
2026,3,17,능동,1052-3,제1종근린생활,집합,19.71,7,"2,500",2016,근린상업,직거래,개인,개인,,,419
2026,3,18,반송동,93-6,판매,집합,81.09,1,"26,100",2008,중심상업,직거래,개인,개인,,,1064
2026,3,23,능동,1152-5,제2종근린생활,집합,42.12,1,"26,000",2008,근린상업,중개거래,개인,개인,,,2041
2026,3,23,여울동,1020,판매,집합,48.44,20,"25,000",,중심상업,중개거래,개인,개인,,,1706
2026,3,24,반송동,220-5,교육연구,집합,114.66,5,"41,800",2007,근린상업,중개거래,법인,개인,O,26.04.29,1205
2026,3,24,반송동,219-3,제1종근린생활,집합,42,1,"83,500",2007,근린상업,중개거래,법인,개인,O,26.04.15,6572
2026,3,26,여울동,978,업무,집합,40.05,17,"17,200",2021,중심상업,중개거래,개인,개인,,,1420
2026,3,28,여울동,973,판매,집합,39.29,,"16,700",2018,중심상업,중개거래,개인,개인,,,1405
2026,3,29,송동,725-1,제1종근린생활,집합,46.94,40,"36,700",2022,일반상업,중개거래,개인,개인,,,2585
2026,4,2,영천동,678-7,제1종근린생활,집합,95.94,5,"41,250",2015,근린상업,중개거래,개인,개인,,,1421
2026,4,2,영천동,678-7,제1종근린생활,집합,31.98,,"13,750",2015,근린상업,중개거래,개인,개인,,,1421
2026,4,3,송동,718,업무,집합,59.27,11,"55,000",2024,준주거,중개거래,개인,개인,,,3068
2026,4,5,목동,488-2,제1종근린생활,집합,59.42,4,"29,700",2018,근린상업,중개거래,기타,개인,,,1652
2026,4,6,반송동,87-3,제1종근린생활,집합,31.45,1,"27,000",2007,중심상업,중개거래,법인,개인,,,2838
2026,4,6,반송동,87-3,제1종근린생활,집합,36.01,1,"30,000",2007,중심상업,중개거래,법인,개인,,,2754
2026,4,6,여울동,978,업무,집합,46,7,"14,500",2021,중심상업,중개거래,법인,개인,,,1042
2026,4,7,석우동,53,제1종근린생활,집합,32.8,2,"25,000",2008,제3종일반주거,중개거래,개인,개인,,,2520
2026,4,9,장지동,969,제2종근린생활,집합,39.85,1,"29,880",2025,제3종일반주거,직거래,개인,개인,O,26.04.23,2479
2026,4,10,영천동,853-1,기타,집합,39.55,1,"32,296",2019,준주거,중개거래,기타,법인,,,2699
2026,4,10,영천동,853-1,기타,집합,62.1,1,"50,713",2019,준주거,중개거래,기타,법인,,,2700
2026,4,10,영천동,853-1,기타,집합,48.3,1,"39,443",2019,준주거,중개거래,기타,법인,,,2700
2026,4,10,영천동,853-1,기타,집합,46.58,1,"38,035",2019,준주거,중개거래,기타,법인,,,2699
2026,4,10,능동,1052-3,제1종근린생활,집합,19.4,3,390,2016,근린상업,직거래,개인,개인,,,66
2026,4,10,영천동,853-1,기타,집합,39.55,1,"31,594",2019,준주거,중개거래,기타,법인,O,26.04.30,2641
2026,4,10,영천동,853-1,기타,집합,62.1,1,"49,611",2019,준주거,중개거래,기타,법인,O,26.04.30,2641
2026,4,10,영천동,853-1,기타,집합,48.3,1,"38,586",2019,준주거,중개거래,기타,법인,O,26.04.30,2641
2026,4,10,영천동,853-1,기타,집합,46.58,1,"37,208",2019,준주거,중개거래,기타,법인,O,26.04.30,2641
2026,4,11,영천동,832-1,업무,집합,26.64,2,"8,100",2018,준주거,중개거래,법인,개인,,,1005
2026,4,11,산척동,745,제2종근린생활,집합,26.95,1,"10,000",2018,제3종일반주거,중개거래,개인,개인,,,1227
2026,4,11,산척동,745,제2종근린생활,집합,26.95,1,"9,000",2018,제3종일반주거,중개거래,개인,개인,,,1104
2026,4,14,영천동,875-2,제1종근린생활,집합,25.46,,"35,145",2024,준주거,직거래,기타,기타,,,4563
2026,4,15,송동,683-2,업무,집합,30.54,14,"26,500",2024,준주거,중개거래,개인,개인,,,2868
2026,4,16,반송동,107-8,교육연구,집합,96,6,"30,680",2007,중심상업,중개거래,개인,개인,,,1056
2026,4,16,반송동,107-8,교육연구,집합,95.16,6,"33,320",2007,중심상업,중개거래,개인,개인,,,1158
2026,4,17,반송동,94,숙박,집합,22.05,6,"16,000",2020,중심상업,중개거래,개인,개인,O,26.05.21,2399
2026,4,17,여울동,969-5,제1종근린생활,집합,128.76,4,"48,500",2017,중심상업,중개거래,법인,개인,,,1245
2026,4,17,영천동,823-6,업무,집합,23.55,,"11,000",2021,준주거,중개거래,법인,개인,,,1544
2026,4,17,송동,725-4,제2종근린생활,집합,30.81,10,"78,510",2022,일반상업,직거래,기타,개인,,,8424
2026,4,18,청계동,535-3,제2종근린생활,집합,57.91,2,"34,500",2016,일반상업,중개거래,개인,개인,,,1969
2026,4,20,영천동,823-6,제2종근린생활,집합,113.82,,"120,000",2021,준주거,직거래,개인,개인,,,3485
2026,4,22,송동,683-2,업무,집합,54.01,11,"35,000",2024,준주거,직거래,법인,개인,,,2142
2026,4,22,여울동,974-1,제2종근린생활,집합,25.42,5,"14,750",2022,중심상업,중개거래,법인,개인,,,1918
2026,4,22,여울동,974-1,업무,집합,24.24,8,"14,200",2022,중심상업,중개거래,법인,개인,,,1937
2026,4,23,영천동,720,제2종근린생활,집합,65.36,1,"50,000",2017,제3종일반주거,직거래,개인,기타,,,2529
2026,4,25,금곡동,4**,제2종근린생활,일반,396,,"62,180",,자연녹지,중개거래,개인,개인,,,519
2026,4,26,산척동,699,제1종근린생활,집합,45.15,,"44,500",2019,제3종일반주거,중개거래,개인,개인,,,3258
2026,4,28,반송동,159,제1종근린생활,집합,29.51,1,"17,500",2009,제3종일반주거,중개거래,개인,개인,,,1960
2026,4,28,반송동,159,제1종근린생활,집합,29.1,1,"17,500",2009,제3종일반주거,중개거래,개인,개인,,,1988
2026,4,29,영천동,823-6,업무,집합,23.55,,"10,500",2021,준주거,중개거래,개인,개인,,,1474
2026,4,30,송동,725-4,제1종근린생활,집합,51.74,40,"34,750",2022,일반상업,중개거래,개인,개인,,,2220
2026,5,6,반송동,7*,제1종근린생활,일반,803.09,,"406,000",2012,준주거,직거래,개인,개인,,,1671
2026,5,6,장지동,964,제2종근린생활,집합,39.68,,"35,000",2021,제1종일반주거,중개거래,개인,개인,,,2916
2026,5,8,반송동,87-4,제1종근린생활,집합,35.64,1,"27,000",2007,중심상업,중개거래,개인,개인,,,2504
2026,5,8,반송동,107-7,제2종근린생활,집합,106.72,7,"24,250",,중심상업,중개거래,법인,개인,,,751
2026,5,8,능동,1052-3,숙박,집합,22.62,6,"1,600",2016,근린상업,직거래,개인,개인,,,234
2026,5,12,여울동,1091,판매,집합,31.56,,"17,500",2021,중심상업,중개거래,개인,개인,O,26.06.01,1833
2026,5,12,능동,1152-5,제1종근린생활,집합,156.22,7,"33,500",2008,근린상업,중개거래,개인,개인,,,709
2026,5,13,반송동,88-3,제2종근린생활,집합,128.86,2,"51,000",2007,중심상업,중개거래,개인,개인,,,1308
2026,5,14,반송동,90-3,제1종근린생활,집합,26.68,4,"15,000",2008,중심상업,직거래,개인,개인,,,1859
2026,5,15,장지동,912-9,제2종근린생활,집합,37.8,1,"35,000",2021,준주거,직거래,법인,개인,,,3061
2026,5,15,장지동,912-9,제2종근린생활,집합,37.8,1,"40,000",2021,준주거,직거래,법인,개인,,,3498
2026,5,16,반송동,219-2,업무,집합,15,6,"4,000",2013,근린상업,중개거래,개인,개인,,,882
2026,5,20,산척동,727-1,제2종근린생활,집합,32.83,,"46,000",2018,제1종일반주거,중개거래,개인,법인,,,4632
2026,5,21,여울동,975,업무,집합,23.6,10,"9,964",2022,중심상업,중개거래,법인,법인,,,1396
2026,5,22,여울동,1089,제1종근린생활,집합,55.45,,"31,530",2021,중심상업,중개거래,법인,개인,,,1880
2026,5,28,반송동,88-13,제2종근린생활,집합,37.43,1,"92,000",2007,중심상업,중개거래,개인,개인,,,8125
2026,5,29,반송동,90-1,판매,집합,38.42,1,"52,272",2012,중심상업,직거래,법인,기타,,,4498
2026,5,29,송동,683-2,업무,집합,30.54,14,"18,500",2024,준주거,중개거래,개인,개인,,,2003
2026,5,29,장지동,971-6,제2종근린생활,집합,75.6,3,"52,000",2020,준주거,직거래,개인,개인,,,2274
2026,5,31,산척동,728-4,제2종근린생활,집합,68.75,6,"42,500",2018,일반상업,중개거래,개인,개인,,,2044
2026,6,2,목동,487-5,제2종근린생활,집합,49.17,7,"23,000",2019,근린상업,중개거래,개인,개인,,,1546
2026,6,8,반송동,90-1,판매,집합,36.86,1,"42,455",2012,중심상업,직거래,법인,법인,,,3808
2026,6,8,반송동,90-1,판매,집합,37.64,1,"43,362",2012,중심상업,직거래,법인,법인,,,3808
2026,6,8,능동,1109,제1종근린생활,집합,50,1,"20,000",2008,제2종일반주거,중개거래,개인,개인,,,1322
2026,6,9,반송동,93-3,판매,집합,41.37,1,"16,000",2010,중심상업,직거래,개인,법인,,,1279
2026,6,10,신동,874,제2종근린생활,집합,81.02,1,"33,000",2024,제3종일반주거,중개거래,개인,법인,,,1346
2026,6,10,송동,690-1,업무,집합,29.66,6,"15,000",2024,준주거,직거래,기타,개인,,,1672
2026,6,11,영천동,823-6,업무,집합,23.55,,"10,000",2021,준주거,중개거래,개인,개인,,,1404
2026,6,11,산척동,718,제2종근린생활,집합,32.76,1,"52,600",2018,제3종일반주거,중개거래,개인,개인,,,5308
2026,6,15,여울동,975,업무,집합,38.22,4,"14,000",2022,중심상업,중개거래,개인,개인,,,1211
2026,6,16,송동,690-1,업무,집합,29.66,6,"23,365",2024,준주거,직거래,기타,개인,,,2604
2026,6,17,장지동,971-3,제2종근린생활,집합,102,5,"69,550",2026,준주거,직거래,개인,기타,,,2254
2026,6,18,여울동,1020,판매,집합,108.65,20,"45,000",2018,중심상업,직거래,개인,기타,,,1369
2026,6,29,영천동,658-6,제1종근린생활,집합,81.04,3,"29,000",2015,준주거,중개거래,법인,공공기관,O,26.07.20,1183
2026,6,29,영천동,658-6,제1종근린생활,집합,116.28,3,"42,000",2015,준주거,중개거래,법인,공공기관,O,26.07.20,1194
2026,6,29,영천동,658-6,제1종근린생활,집합,99.06,3,"36,000",2015,준주거,중개거래,법인,공공기관,O,26.07.20,1201
2026,6,29,영천동,658-6,제1종근린생활,집합,77.52,3,"28,000",2015,준주거,중개거래,법인,공공기관,O,26.07.20,1194
2026,7,1,반송동,103-3,업무,집합,44.46,1,"60,000",2007,중심상업,직거래,개인,개인,,,4461
2026,7,2,영천동,872,업무,집합,30.31,,"13,400",2024,준주거,중개거래,법인,개인,,,1461
2026,7,3,반송동,90-1,판매,집합,38.82,1,"44,755",2012,중심상업,직거래,법인,법인,,,3811
2026,7,6,여울동,1020,판매,집합,42.49,10,"40,500",2018,중심상업,직거래,기타,개인,,,3151
2026,7,7,반송동,7*,제2종근린생활,일반,593.78,,"320,000",2008,준주거,중개거래,개인,개인,,,1782
2026,7,10,반송동,93-2,제2종근린생활,집합,130.34,6,"32,000",2010,중심상업,직거래,개인,개인,,,812
2026,7,10,반송동,86-7,업무,집합,31.5,8,"8,600",2008,중심상업,중개거래,개인,개인,,,903
2026,7,11,청계동,531-4,제1종근린생활,집합,43.29,1,"26,000",2015,준주거,직거래,개인,개인,,,1985
2026,7,15,청계동,534-1,제2종근린생활,집합,90.5,,"50,000",2015,일반상업,중개거래,개인,개인,,,1826
2026,7,15,청계동,520,제2종근린생활,집합,41.04,1,"95,000",2015,제3종일반주거,중개거래,개인,개인,,,7652
2026,7,21,영천동,844-1,업무,집합,20.56,5,"10,500",,준주거,중개거래,개인,개인,,,1688
2026,7,23,반송동,94,숙박,집합,22.05,5,"8,000",2020,중심상업,직거래,개인,개인,,,1199
2026,7,24,송동,683-2,업무,집합,30.54,9,"21,000",,준주거,중개거래,법인,개인,,,2273
2026,7,24,영천동,681-1,제2종근린생활,집합,110.34,2,"62,000",,근린상업,직거래,개인,개인,,,1858
2026,7,25,영천동,848-1,제2종근린생활,집합,60.73,1,"70,000",2019,준주거,직거래,개인,개인,,,3810
2026,7,28,중동,2**,제2종근린생활,일반,515.08,,"189,859",2015,계획관리,직거래,개인,개인,,,1219
2026,7,29,영천동,832-2,제2종근린생활,집합,70.76,1,"38,000",2017,준주거,직거래,기타,개인,,,1775
2026,7,30,목동,485,제1종근린생활,집합,43.68,1,"30,300",2018,제3종일반주거,중개거래,개인,개인,,,2293
2026,7,30,능동,9**,제1종근린생활,일반,86.87,,"65,000",,자연녹지,중개거래,법인,개인,,,2474
2026,8,1,반송동,87-4,제2종근린생활,집합,86,7,"13,017",2007,중심상업,중개거래,개인,법인,,,500
2026,8,1,반송동,87-4,제2종근린생활,집합,107.13,7,"16,983",2007,중심상업,중개거래,개인,법인,,,524
2026,8,5,청계동,536,판매,집합,29.16,,"9,000",2018,일반상업,중개거래,개인,개인,,,1020
2026,8,6,영천동,675-6,제2종근린생활,집합,46.74,1,"8,000",2015,제1종일반주거,중개거래,개인,개인,,,566
2026,8,12,송동,683-2,업무,집합,30.54,9,"25,925",2024,준주거,직거래,법인,개인,,,2806
2026,8,18,영천동,832-2,제2종근린생활,집합,88.03,,"18,000",2017,준주거,중개거래,개인,개인,,,676
2026,8,21,송동,683-2,업무,집합,30.54,9,"26,031",2024,준주거,직거래,개인,개인,,,2818
